url	first_seen	portal	title	company	status
https://boards.greenhouse.io/datadog/jobs/7477573	2026-04-28	greenhouse	Technical Support Engineer 2	Datadog	added
https://boards.greenhouse.io/datadog/jobs/7114602	2026-04-28	greenhouse	Technical Support Engineer 1	Datadog	added
https://boards.greenhouse.io/datadog/jobs/6882229	2026-04-28	greenhouse	Technical Support Engineer 1-2	Datadog	added
https://boards.greenhouse.io/datadog/jobs/7290916	2026-04-28	greenhouse	Technical Solutions Operations Engineer 2 - Paris	Datadog	skipped_title
https://boards.greenhouse.io/datadog/jobs/6975733	2026-04-28	greenhouse	Technical Solutions Operations Engineer 2	Datadog	skipped_title
https://boards.greenhouse.io/datadog/jobs/6714710	2026-04-28	greenhouse	Technical Support Engineer 2, Premier	Datadog	added
https://boards.greenhouse.io/datadog/jobs/7826176	2026-04-28	greenhouse	IT Support Technician Intern	Datadog	skipped_title
https://boards.greenhouse.io/datadog/jobs/7186233	2026-04-28	greenhouse	Senior Technical Solutions Operations Engineer	Datadog	skipped_title
https://boards.greenhouse.io/cloudflare/jobs/6651977	2026-04-28	greenhouse	Technical Support Engineer	Cloudflare	added
https://job-boards.greenhouse.io/cloudflare/jobs/7096016	2026-04-28	greenhouse	Implementation Engineer	Cloudflare	added
https://job-boards.greenhouse.io/cloudflare/jobs/7738800	2026-04-28	greenhouse	Solutions Engineer Intern (Summer 2026)	Cloudflare	skipped_title
https://job-boards.greenhouse.io/cloudflare/jobs/7799134	2026-04-28	greenhouse	Senior Solutions Engineer - Mid-Market - Austin	Cloudflare	added
https://job-boards.greenhouse.io/cloudflare/jobs/7506182	2026-04-28	greenhouse	Senior Technical Support Engineer, Developer Platform	Cloudflare	added
https://job-boards.greenhouse.io/cloudflare/jobs/7164253	2026-04-28	greenhouse	Premium Technical Support Engineer - Zero Trust	Cloudflare	added
https://job-boards.greenhouse.io/cloudflare/jobs/7767766	2026-04-28	greenhouse	Senior Solutions Engineer	Cloudflare	added
https://boards.greenhouse.io/mongodb/jobs/7077137	2026-04-28	greenhouse	Technical Services Engineer	MongoDB	skipped_title
https://boards.greenhouse.io/mongodb/jobs/7076858	2026-04-28	greenhouse	Senior Solutions Architect	MongoDB	added
https://boards.greenhouse.io/gitlab/jobs/5223370002	2026-04-28	greenhouse	Support Engineer (EMEA)	GitLab	added
https://boards.greenhouse.io/gitlab/jobs/5112746002	2026-04-28	greenhouse	Support Engineer (APAC)	GitLab	added
https://job-boards.greenhouse.io/gitlab/jobs/8287957002	2026-04-28	greenhouse	Assigned Support Engineer (AMER)	GitLab	added
https://job-boards.greenhouse.io/gitlab/jobs/7846435002	2026-04-28	greenhouse	Associate Support Engineer (AMER)	GitLab	added
https://job-boards.greenhouse.io/gitlab/jobs/7469581002	2026-04-28	greenhouse	Support Engineer (AMER)	GitLab	added
https://job-boards.greenhouse.io/gitlab/jobs/7785825002	2026-04-28	greenhouse	Support Engineer (Weekend Coverage - AMER)	GitLab	added
https://job-boards.greenhouse.io/gitlab/jobs/8033662002	2026-04-28	greenhouse	Support Engineer (Sunday Coverage - AMER)	GitLab	added
https://boards.greenhouse.io/hubspotjobs/jobs/7371948	2026-04-28	greenhouse	Senior Solutions Engineer	HubSpot	added
https://boards.greenhouse.io/okta/jobs/6874522	2026-04-28	greenhouse	Technical Support Engineer	Okta	added
https://boards.greenhouse.io/okta/jobs/7282199	2026-04-28	greenhouse	Solutions Engineer	Okta	added
https://boards.greenhouse.io/okta/jobs/7307240	2026-04-28	greenhouse	Developer Support Engineer	Okta	added
https://job-boards.greenhouse.io/okta/jobs/7535312	2026-04-28	greenhouse	Solutions Engineer, Okta	Okta	added
https://boards.greenhouse.io/okta/jobs/7833450	2026-04-28	greenhouse	Associate Solutions Engineer	Okta	added
https://boards.greenhouse.io/okta/jobs/7093064	2026-04-28	greenhouse	Developer Support Engineer	Okta	added
https://boards.greenhouse.io/okta/jobs/7251087	2026-04-28	greenhouse	IT Support Engineer	Okta	added
https://job-boards.greenhouse.io/oktajp/jobs/7061146	2026-04-28	greenhouse	Senior Technical Support Engineer	Okta JP	added
https://job-boards.greenhouse.io/okta/jobs/7612919	2026-04-28	greenhouse	Senior Solutions Engineer, Okta (ISPM)	Okta	added
https://job-boards.greenhouse.io/pagerduty/jobs/5691977004	2026-04-28	greenhouse	Technical Support Engineer I	PagerDuty	added
https://boards.greenhouse.io/pagerduty/jobs/5360016004	2026-04-28	greenhouse	Technical Support Engineer I	PagerDuty	added
https://boards.greenhouse.io/elastic/jobs/7013482	2026-04-28	greenhouse	Senior Solutions Architect	Elastic	added
https://boards.greenhouse.io/elastic/jobs/6860168	2026-04-28	greenhouse	Partner Senior Solutions Architect	Elastic	added
https://boards.greenhouse.io/elastic/jobs/7172345	2026-04-28	greenhouse	Senior Solutions Architect - East	Elastic	added
https://boards.greenhouse.io/airtable/jobs/7287308002	2026-04-28	greenhouse	Solutions Engineer (Chicago, IL)	Airtable	added
https://job-boards.greenhouse.io/airtable/jobs/8497826002	2026-04-28	greenhouse	Technical Support Specialist	Airtable	added
https://job-boards.greenhouse.io/bpcs/jobs/7838952	2026-04-28	greenhouse	Support Engineer - Escalation Management	Blueprint Technologies	added
https://job-boards.greenhouse.io/veza/jobs/5434737004	2026-04-28	greenhouse	Escalation Engineer	Veza Technologies	added
https://boards.greenhouse.io/outsetmedical/jobs/6509862002	2026-04-28	greenhouse	Escalation Support Engineer	Outset Medical	added
https://job-boards.greenhouse.io/nice/jobs/4712262101	2026-04-28	greenhouse	Technical Support Engineer	NICE	added
https://job-boards.greenhouse.io/nametag/jobs/4053349009	2026-04-28	greenhouse	Technical Customer Engineer	Nametag	added
https://boards.greenhouse.io/github/jobs/3348745	2026-04-28	greenhouse	Support Escalation Engineer	GitHub	added
https://job-boards.greenhouse.io/reddit/jobs/6831257	2026-04-28	greenhouse	Senior Technical Support Engineer, Operations & Support	Reddit	added
https://boards.greenhouse.io/customerio/jobs/4993465	2026-04-28	greenhouse	Technical Support Engineer II	Customer.io	added
https://job-boards.greenhouse.io/tenableinc/jobs/5134237008	2026-04-28	greenhouse	Technical Support Engineer - Bilingual English/Spanish	Tenable	added
https://job-boards.greenhouse.io/chainguard/jobs/4621030006	2026-04-28	greenhouse	Technical Program Manager (Technical Support Engineering)	Chainguard	skipped_title
https://job-boards.greenhouse.io/harborglobal/jobs/4980637007	2026-04-28	greenhouse	Implementation Engineer - Intapp	Harbor	added
https://job-boards.greenhouse.io/casechek/jobs/4653684006	2026-04-28	greenhouse	Technical Integration Engineer	Casechek	added
https://job-boards.greenhouse.io/rapidsos/jobs/5087717007	2026-04-28	greenhouse	Implementation Engineer	RapidSOS	added
https://boards.greenhouse.io/harborglobal/jobs/4587499007	2026-04-28	greenhouse	Implementation Engineer - Microsoft ADF	Harbor	added
https://job-boards.greenhouse.io/warp/jobs/5832041004	2026-04-28	greenhouse	Implementation Engineer	Warp	added
https://job-boards.greenhouse.io/rapidsos/jobs/5087697007	2026-04-28	greenhouse	Senior Implementation Engineer	RapidSOS	added
https://job-boards.greenhouse.io/tailscale/jobs/4663655005	2026-04-28	greenhouse	Implementation Engineer	Tailscale	added
https://job-boards.greenhouse.io/shift5/jobs/5706755004	2026-04-28	greenhouse	Integration Engineer	Shift5	added
https://jobs.ashbyhq.com/rula/c7aafe5c-fc02-4b05-a5bd-d79b7681599e	2026-04-28	ashby	IT Support Specialist (Remote)	Rula	added
https://jobs.ashbyhq.com/trust-wallet/e1910730-eb4f-43f0-962b-97f8b26529d7	2026-04-28	ashby	Technical Customer Support Specialist	Trust Wallet	added
https://jobs.ashbyhq.com/close/70a235e8-230f-492c-bb34-5559fe648298	2026-04-28	ashby	Support Engineer (USA Only - 100% Remote)	Close	added
https://jobs.ashbyhq.com/vanta/d3d48f3b-dfe6-44fa-b18c-2dc85e9bb4b0	2026-04-28	ashby	Technical Support Specialist	Vanta	added
https://jobs.ashbyhq.com/zapier/d5f02861-1fab-4449-b9cc-8c3fc272c101	2026-04-28	ashby	Sr. Technical Support Specialist, Premier (ANZ)	Zapier	added
https://jobs.ashbyhq.com/openai/1a979fd4-1bce-484e-a416-aed2810677a6	2026-04-28	ashby	AI Support Engineer	OpenAI	added
https://jobs.ashbyhq.com/monarchmoney/ca983553-53d6-4b3c-85c8-220048f6763e	2026-04-28	ashby	Technical Support Engineer	Monarch Money	added
https://jobs.ashbyhq.com/n8n/38d5cc73-7799-47ca-9507-c601476f2c4b	2026-04-28	ashby	Senior Support Engineer | Remote | North America	n8n	added
https://jobs.ashbyhq.com/Pace/052cfe7a-1d78-471b-bea2-79440a97dd3b/application	2026-04-28	ashby	Technical Support Specialist	Pace	added
https://jobs.ashbyhq.com/zapier/40b64aa9-925c-48a7-98cc-b0d6164860ed	2026-04-28	ashby	Technical Support Specialist - AMERS WEST	Zapier	added
https://jobs.ashbyhq.com/illumio/3ee989b9-c582-40d4-9a21-d9e33addddb8	2026-04-28	ashby	Escalation Engineer	Illumio	added
https://jobs.ashbyhq.com/camunda/8ac3b265-22e9-4a94-882c-7d5dcfe3cf54/application	2026-04-28	ashby	Senior Escalation Support Engineer - Americas	Camunda	added
https://jobs.ashbyhq.com/taaraconnect/96c69539-f4e5-4081-95e7-e0d8b430efe5/application	2026-04-28	ashby	Technical Escalations Engineer	Taara	added
https://jobs.ashbyhq.com/semperis/09e323a0-afc7-48b2-b095-f025032e2d1b/application	2026-04-28	ashby	Software Engineer, Escalation	Semperis	added
https://jobs.ashbyhq.com/illumio/98963c82-77d0-4bfb-9e7a-dde50c6080ef	2026-04-28	ashby	Sr. Escalation Engineer	Illumio	added
https://jobs.ashbyhq.com/confluent/5db67700-4660-4aea-badf-3a25eed020b9/application	2026-04-28	ashby	Escalation Manager	Confluent	added
https://jobs.ashbyhq.com/prokeep/68b0d256-739e-429f-b854-db1ad05cd1e9/application	2026-04-28	ashby	Technical Support Specialist	Prokeep	added
https://jobs.ashbyhq.com/aiwyn/2ec57996-0301-4c43-b872-a8c7d6b16351	2026-04-28	ashby	Senior Technical Support Engineer	Aiwyn	added
https://jobs.ashbyhq.com/docker/8e92ede2-2469-42a0-91aa-c791e773d20b	2026-04-28	ashby	Senior Escalation & Incident Manager	Docker	added
https://jobs.ashbyhq.com/AlephAlpha/a069a4c3-882a-4e4c-8e9c-582f0e4b52ca	2026-04-28	ashby	Senior Support Engineer	Aleph Alpha	added
https://jobs.lever.co/Sauce/656eaf33-2380-44b1-a2e7-a9e837b88318	2026-04-28	lever	Senior Support Engineer (Escalation Manager)	Sauce	added
https://jobs.lever.co/clari/67078198-1d37-45ba-b7aa-52b881226e8b	2026-04-28	lever	Technical Support Engineer	Clari	added
https://jobs.lever.co/teleport/e203ac08-4d56-412e-b852-6bfdafa5ee8a	2026-04-28	lever	Technical Support Engineer (APAC)	Teleport	added
https://jobs.lever.co/shakudo/7b16951c-69b9-416c-9858-e906b8870470	2026-04-28	lever	Technical Support Specialist	Shakudo	added
https://jobs.lever.co/oomnitza/63258704-9baf-4586-bd24-b26ae06a376a	2026-04-28	lever	Senior Technical Support Engineer (EST Remote)	Oomnitza	added
https://jobs.lever.co/useparagon.com/9ec5edbb-57bd-4655-b31b-3abd380918cc	2026-04-28	lever	Technical Support Engineer	Paragon	added
https://jobs.lever.co/megaport/83aa3eea-11e0-4283-b987-37ba1346f527	2026-04-28	lever	Technical Support Engineer	Megaport	added
https://jobs.lever.co/jobgether/d89acc4a-8a79-42ed-9cd8-7a2d18b305ba	2026-04-28	lever	Senior Network Support Engineer, Tier III (Remote)	Jobgether	added
https://jobs.lever.co/superannotate/e92dcb71-4f0b-4136-b4c7-b564ac5812b9	2026-04-28	lever	Technical Support Engineer	SuperAnnotate AI	added
https://jobs.lever.co/sanas.ai/6db5fdba-f8e1-4afc-a203-cb37fb15fb58	2026-04-28	lever	Technical Support Engineer	Sanas.ai	added
https://wellfound.com/jobs/4013347-technical-support-engineer-l1-frontline-support	2026-04-28	wellfound	Technical Support Engineer (L1 / Frontline Support)	Databento	added
https://wellfound.com/jobs/3264511-technical-support-engineer-apac-us-remote	2026-04-28	wellfound	Technical Support Engineer (APAC/US - Remote)	Unknown	added
https://wellfound.com/jobs/1841356-support-engineer-emea	2026-04-28	wellfound	Support Engineer - EMEA	Tyk	added
https://wellfound.com/jobs/3199392-technical-support-engineer	2026-04-28	wellfound	Technical Support Engineer	Pepper	added
https://wellfound.com/jobs/3775455-senior-cloud-support-engineer	2026-04-28	wellfound	Senior Cloud Support Engineer	Netskope	added
https://wellfound.com/jobs/1559538-database-administrator-technical-support-engineer	2026-04-28	wellfound	ClickHouse DBA / Technical Support Engineer	Altinity	added
https://wellfound.com/jobs/3195785-customer-support-engineer-remote	2026-04-28	wellfound	Customer Support Engineer (REMOTE)	Upbound	added
https://apply.workable.com/opus2/j/E559DCEAA8/	2026-04-28	workable	Product Support Specialist	Opus 2	added
https://apply.workable.com/signalwire/j/EED2C2B418/	2026-04-28	workable	Technical Support Specialist (Fully Remote)	SignalWire	added
https://apply.workable.com/nogigiddy/j/F4D6386D91/	2026-04-28	workable	Technical Support Specialist (Remote) - Entry Level	NoGigiddy	skipped_title
https://apply.workable.com/nogigiddy/j/B787380689/	2026-04-28	workable	Remote Technical Support Specialist - Entry Level	NoGigiddy	skipped_title
https://apply.workable.com/orderdesk/j/683D77D121/	2026-04-28	workable	Technical Support Specialist - Order Desk	Order Desk	added
https://apply.workable.com/legalmatch/j/E6B5B28460	2026-04-28	workable	Technical Support Specialist (Remote)	LegalMatch	added
https://apply.workable.com/remote-recruitment/j/79CD4D8DE2	2026-04-28	workable	Technical Support Specialist - Wireless ISP	Remote Recruitment	added
https://apply.workable.com/remote-va/j/A1603F08B9	2026-04-28	workable	VoIP Customer Service & Technical Support Specialist	Remote VA	added
https://apply.workable.com/remote-va/j/35FB2F0469	2026-04-28	workable	VoIP Technical Support Specialist	Remote VA	added
https://apply.workable.com/pavago/j/6D48906D71/	2026-04-28	workable	Technical Support Specialist (IT Support Specialist)	Pavago	added
https://jobs.ashbyhq.com/cybernut/4e1b0238-f98d-4219-ae8f-6407b2d5437c	2026-05-16	ashby	Technical Support Engineer	CyberNut	added
https://jobs.ashbyhq.com/Junction/e1fc1b0c-7e17-467c-977b-947c509debb0	2026-05-16	ashby	Technical Support Engineer	Junction	added
https://jobs.ashbyhq.com/n8n/90a1634b-81a8-4aa6-957d-951c1f142555	2026-05-16	ashby	Support Engineer L1 Support (EST Timezone)	n8n	added
https://jobs.ashbyhq.com/polymarket/d03ffef0-b8c6-4cf5-9e4a-cd73606be805	2026-05-16	ashby	Escalation Engineer, CX	Polymarket	added
https://jobs.ashbyhq.com/cyberhaven/fa628930-f090-4b04-82a9-147824ecff7c	2026-05-16	ashby	(unknown title)	Cyberhaven	skipped_title
https://job-boards.greenhouse.io/accela/jobs/7610268	2026-05-16	greenhouse	Technical Support Engineer (Frontline)	Accela	added
https://job-boards.greenhouse.io/airship/jobs/4736416101	2026-05-16	greenhouse	Lead Technical Support Engineer	Airship	added
https://job-boards.greenhouse.io/iterable/jobs/7485477	2026-05-16	greenhouse	Technical Support Engineer	Iterable	added
https://job-boards.greenhouse.io/sourcegraph91/jobs/4918580004	2026-05-16	greenhouse	Senior Implementation Engineer - East	Sourcegraph	added
https://job-boards.greenhouse.io/brightfield/jobs/8429624002	2026-05-16	greenhouse	Senior Data Integration Engineer	Brightfield	added
https://jobs.lever.co/extremenetworks/48af4a14-99a8-4ee2-9362-4d23d05e6f01	2026-05-16	lever	Technical Support Engineer - Remote USA	Extreme Networks	added
https://jobs.lever.co/Eve/8ee47c51-3480-4af6-8ab7-d8f22b7922e2	2026-05-16	lever	Technical Support Engineer	Eve	added
https://apply.workable.com/roller-software/j/4C1DFC3FE4/	2026-05-16	workable	Technical Support Specialist (POS, SaaS) - North America (Remote)	ROLLER Software	added
https://apply.workable.com/jobgether/j/6FA2768D6B	2026-05-16	workable	Technical Customer Support Specialist	Jobgether	added
https://jobs.ashbyhq.com/rula/c7aafe5c-fc02-4b05-a5bd-d79b7681599e	2026-05-25	ashby	IT Support Specialist (Remote)	Rula	skipped_dup
https://jobs.ashbyhq.com/trust-wallet/e1910730-eb4f-43f0-962b-97f8b26529d7	2026-05-25	ashby	Technical Customer Support Specialist	Trust Wallet	skipped_dup
https://jobs.ashbyhq.com/close/70a235e8-230f-492c-bb34-5559fe648298	2026-05-25	ashby	Support Engineer (USA Only - 100% Remote)	Close	skipped_dup
https://jobs.ashbyhq.com/n8n/38d5cc73-7799-47ca-9507-c601476f2c4b	2026-05-25	ashby	Senior Support Engineer | Remote | North America	n8n	skipped_dup
https://jobs.ashbyhq.com/zapier/d5f02861-1fab-4449-b9cc-8c3fc272c101	2026-05-25	ashby	Sr. Technical Support Specialist, Premier (ANZ)	Zapier	skipped_dup
https://jobs.ashbyhq.com/cybernut/4e1b0238-f98d-4219-ae8f-6407b2d5437c	2026-05-25	ashby	Technical Support Engineer	CyberNut	skipped_dup
https://jobs.ashbyhq.com/monarchmoney/ca983553-53d6-4b3c-85c8-220048f6763e	2026-05-25	ashby	Technical Support Engineer	Monarch Money	skipped_dup
https://jobs.ashbyhq.com/vanta/d3d48f3b-dfe6-44fa-b18c-2dc85e9bb4b0	2026-05-25	ashby	Technical Support Specialist	Vanta	skipped_dup
https://jobs.ashbyhq.com/zapier/40b64aa9-925c-48a7-98cc-b0d6164860ed	2026-05-25	ashby	Technical Support Specialist - AMERS WEST	Zapier	skipped_dup
https://jobs.ashbyhq.com/Junction/e1fc1b0c-7e17-467c-977b-947c509debb0	2026-05-25	ashby	Technical Support Engineer	Junction	skipped_dup
https://jobs.ashbyhq.com/polymarket/d03ffef0-b8c6-4cf5-9e4a-cd73606be805	2026-05-25	ashby	Escalation Engineer, CX	Polymarket	skipped_dup
https://jobs.ashbyhq.com/inngest/3b9163fe-e0e4-426b-94e7-0f0d42f634c7	2026-05-25	ashby	Support Escalations Engineer	Inngest	added
https://jobs.ashbyhq.com/illumio/3ee989b9-c582-40d4-9a21-d9e33addddb8	2026-05-25	ashby	Escalation Engineer	Illumio	skipped_dup
https://jobs.ashbyhq.com/camunda/8ac3b265-22e9-4a94-882c-7d5dcfe3cf54/application	2026-05-25	ashby	Senior Escalation Support Engineer - Americas	Camunda	skipped_dup
https://jobs.ashbyhq.com/taaraconnect/96c69539-f4e5-4081-95e7-e0d8b430efe5/application	2026-05-25	ashby	Technical Escalations Engineer	Taara	skipped_dup
https://jobs.ashbyhq.com/illumio/98963c82-77d0-4bfb-9e7a-dde50c6080ef	2026-05-25	ashby	Sr. Escalation Engineer	Illumio	skipped_dup
https://jobs.ashbyhq.com/confluent/5db67700-4660-4aea-badf-3a25eed020b9/application	2026-05-25	ashby	Escalation Manager	Confluent	skipped_dup
https://jobs.ashbyhq.com/aiwyn/2ec57996-0301-4c43-b872-a8c7d6b16351	2026-05-25	ashby	Senior Technical Support Engineer	Aiwyn	skipped_dup
https://jobs.ashbyhq.com/docker/8e92ede2-2469-42a0-91aa-c791e773d20b	2026-05-25	ashby	Senior Escalation & Incident Manager	Docker	skipped_dup
https://jobs.ashbyhq.com/AlephAlpha/a069a4c3-882a-4e4c-8e9c-582f0e4b52ca	2026-05-25	ashby	Senior Support Engineer	Aleph Alpha	skipped_dup
https://job-boards.greenhouse.io/bpcs/jobs/7838952	2026-05-25	greenhouse	Support Engineer - Escalation Management	Blueprint Technologies	skipped_dup
https://boards.greenhouse.io/outsetmedical/jobs/6509862002	2026-05-25	greenhouse	Escalation Support Engineer	Outset Medical	skipped_dup
https://job-boards.greenhouse.io/nice/jobs/4712262101	2026-05-25	greenhouse	Technical Support Engineer	NICE	skipped_dup
https://job-boards.greenhouse.io/veza/jobs/5434737004	2026-05-25	greenhouse	Escalation Engineer	Veza Technologies	skipped_dup
https://job-boards.greenhouse.io/nametag/jobs/4053349009	2026-05-25	greenhouse	Technical Customer Engineer	Nametag	skipped_dup
https://boards.greenhouse.io/customerio/jobs/4993465	2026-05-25	greenhouse	Technical Support Engineer II	Customer.io	skipped_dup
https://job-boards.greenhouse.io/airship/jobs/4736416101	2026-05-25	greenhouse	Lead Technical Support Engineer	Airship	skipped_dup
https://job-boards.greenhouse.io/accela/jobs/7610268	2026-05-25	greenhouse	Technical Support Engineer (Frontline)	Accela	skipped_dup
https://job-boards.greenhouse.io/iterable/jobs/7485477	2026-05-25	greenhouse	Technical Support Engineer	Iterable	skipped_dup
https://job-boards.greenhouse.io/tenableinc/jobs/5134237008	2026-05-25	greenhouse	Technical Support Engineer - Bilingual English/Spanish	Tenable	skipped_dup
https://job-boards.greenhouse.io/harborglobal/jobs/4980637007	2026-05-25	greenhouse	Implementation Engineer - Intapp	Harbor	skipped_dup
https://job-boards.greenhouse.io/rapidsos/jobs/5087697007	2026-05-25	greenhouse	Senior Implementation Engineer	RapidSOS	skipped_dup
https://job-boards.greenhouse.io/warp/jobs/5832041004	2026-05-25	greenhouse	Implementation Engineer	Warp	skipped_dup
https://boards.greenhouse.io/harborglobal/jobs/4587499007	2026-05-25	greenhouse	Implementation Engineer - Microsoft ADF	Harbor	skipped_dup
https://job-boards.greenhouse.io/rapidsos/jobs/5087717007	2026-05-25	greenhouse	Implementation Engineer	RapidSOS	skipped_dup
https://job-boards.greenhouse.io/cloudflare/jobs/7096016	2026-05-25	greenhouse	Implementation Engineer	Cloudflare	skipped_dup
https://job-boards.greenhouse.io/casechek/jobs/4653684006	2026-05-25	greenhouse	Technical Integration Engineer	Casechek	skipped_dup
https://job-boards.greenhouse.io/tailscale/jobs/4663656005	2026-05-25	greenhouse	Implementation Engineer	Tailscale	added
https://job-boards.greenhouse.io/shiphawk/jobs/7608891	2026-05-25	greenhouse	WMS Implementation Engineer	ShipHawk	added
https://job-boards.greenhouse.io/brightfield/jobs/8429624002	2026-05-25	greenhouse	Senior Data Integration Engineer	Brightfield	skipped_dup
https://jobs.lever.co/clari/67078198-1d37-45ba-b7aa-52b881226e8b	2026-05-25	lever	Technical Support Engineer	Clari	skipped_dup
https://jobs.lever.co/superannotate/e92dcb71-4f0b-4136-b4c7-b564ac5812b9	2026-05-25	lever	Technical Support Engineer	SuperAnnotate AI	skipped_dup
https://jobs.lever.co/shakudo/7b16951c-69b9-416c-9858-e906b8870470	2026-05-25	lever	Technical Support Specialist	Shakudo	skipped_dup
https://jobs.lever.co/aircall/bdf86e6b-0be4-4e58-b9ec-5bed1e3158dc	2026-05-25	lever	Technical Support Specialist (API/Webhooks Specialist)	Aircall	added
https://jobs.lever.co/oomnitza/63258704-9baf-4586-bd24-b26ae06a376a	2026-05-25	lever	Senior Technical Support Engineer (EST Remote)	Oomnitza	skipped_dup
https://jobs.lever.co/teleport/e203ac08-4d56-412e-b852-6bfdafa5ee8a	2026-05-25	lever	Technical Support Engineer (APAC)	Teleport	skipped_dup
https://jobs.lever.co/coatesgroup/f67dc1bc-c4d0-405a-a04d-b4f909114603	2026-05-25	lever	Technical Support Engineer (Level 3)	Coates Group	added
https://jobs.lever.co/pingcap/a54441f6-895a-48a4-a0b9-03ba02d00c58	2026-05-25	lever	Support Escalation Engineer	PingCAP	added
https://jobs.lever.co/sanas.ai/6db5fdba-f8e1-4afc-a203-cb37fb15fb58	2026-05-25	lever	Technical Support Engineer	Sanas.ai	skipped_dup
https://jobs.lever.co/jobgether/d89acc4a-8a79-42ed-9cd8-7a2d18b305ba	2026-05-25	lever	Senior Network Support Engineer, Tier III (Remote)	Jobgether	skipped_dup
https://wellfound.com/jobs/3264511-technical-support-engineer-apac-us-remote	2026-05-25	wellfound	Technical Support Engineer (APAC/US - Remote)	Unknown	skipped_dup
https://wellfound.com/jobs/4013347-technical-support-engineer-l1-frontline-support	2026-05-25	wellfound	Technical Support Engineer (L1 / Frontline Support)	Databento	skipped_dup
https://wellfound.com/jobs/1841356-support-engineer-emea	2026-05-25	wellfound	Support Engineer - EMEA	Tyk	skipped_dup
https://wellfound.com/jobs/3195785-customer-support-engineer-remote	2026-05-25	wellfound	Customer Support Engineer (REMOTE)	Upbound	skipped_dup
https://wellfound.com/jobs/3199392-technical-support-engineer	2026-05-25	wellfound	Technical Support Engineer	Pepper	skipped_dup
https://wellfound.com/jobs/3147367-technical-support-engineer-federal-government-customers	2026-05-25	wellfound	Technical Support Engineer, Federal Government Customers	Moveworks	added
https://wellfound.com/jobs/1559538-database-administrator-technical-support-engineer	2026-05-25	wellfound	ClickHouse DBA / Technical Support Engineer	Altinity	skipped_dup
https://apply.workable.com/nogigiddy/j/F4D6386D91/	2026-05-25	workable	Technical Support Specialist - Entry Level	NoGigiddy	skipped_dup
https://apply.workable.com/nogigiddy/j/B787380689/	2026-05-25	workable	Remote Technical Support Specialist - Entry Level	NoGigiddy	skipped_dup
https://apply.workable.com/opus2/j/E559DCEAA8/	2026-05-25	workable	Product Support Specialist	Opus 2	skipped_dup
https://apply.workable.com/orderdesk/j/683D77D121/	2026-05-25	workable	Technical Support Specialist - Order Desk	Order Desk	skipped_dup
https://apply.workable.com/signalwire/j/EED2C2B418/	2026-05-25	workable	Technical Support Specialist (Fully Remote)	SignalWire	skipped_dup
https://apply.workable.com/remote-recruitment/j/79CD4D8DE2	2026-05-25	workable	Technical Support Specialist - Wireless ISP	Remote Recruitment	skipped_dup
https://apply.workable.com/roller-software/j/4C1DFC3FE4/	2026-05-25	workable	Technical Support Specialist (POS, SaaS)	ROLLER Software	skipped_dup
https://apply.workable.com/jobgether/j/6FA2768D6B	2026-05-25	workable	Technical Customer Support Specialist	Jobgether	skipped_dup
https://apply.workable.com/remote-va/j/A1603F08B9	2026-05-25	workable	VoIP Customer Service & Technical Support Specialist	Remote VA	skipped_dup
https://apply.workable.com/remote-va/j/35FB2F0469	2026-05-25	workable	VoIP Technical Support Specialist	Remote VA	skipped_dup
https://jobs.ashbyhq.com/rula/c7aafe5c-fc02-4b05-a5bd-d79b7681599e	2026-05-28	ashby	IT Support Specialist (Remote)	Rula	skipped_dup
https://jobs.ashbyhq.com/close/70a235e8-230f-492c-bb34-5559fe648298	2026-05-28	ashby	Support Engineer (USA Only - 100% Remote)	Close	skipped_dup
https://jobs.ashbyhq.com/n8n/38d5cc73-7799-47ca-9507-c601476f2c4b	2026-05-28	ashby	Senior Support Engineer (Remote North America)	n8n	skipped_dup
https://jobs.ashbyhq.com/monarchmoney/ca983553-53d6-4b3c-85c8-220048f6763e	2026-05-28	ashby	Technical Support Engineer	Monarch Money	skipped_dup
https://jobs.ashbyhq.com/zapier/d5f02861-1fab-4449-b9cc-8c3fc272c101	2026-05-28	ashby	Sr. Technical Support Specialist, Premier (ANZ)	Zapier	skipped_dup
https://jobs.ashbyhq.com/cybernut/4e1b0238-f98d-4219-ae8f-6407b2d5437c	2026-05-28	ashby	Technical Support Engineer	CyberNut	skipped_dup
https://jobs.ashbyhq.com/readme/cb287bbd-ccc4-4719-ac07-e7796ec24312	2026-05-28	ashby	Support Engineer	ReadMe	added
https://jobs.ashbyhq.com/vanta/d3d48f3b-dfe6-44fa-b18c-2dc85e9bb4b0	2026-05-28	ashby	Technical Support Specialist	Vanta	skipped_dup
https://jobs.ashbyhq.com/n8n/90a1634b-81a8-4aa6-957d-951c1f142555	2026-05-28	ashby	Support Engineer L1 Support (EST Timezone)	n8n	skipped_dup
https://jobs.ashbyhq.com/Junction/e1fc1b0c-7e17-467c-977b-947c509debb0	2026-05-28	ashby	Technical Support Engineer	Junction	skipped_dup
https://jobs.ashbyhq.com/polymarket/d03ffef0-b8c6-4cf5-9e4a-cd73606be805	2026-05-28	ashby	Escalation Engineer, CX	Polymarket	skipped_dup
https://jobs.ashbyhq.com/inngest/3b9163fe-e0e4-426b-94e7-0f0d42f634c7	2026-05-28	ashby	Support Escalations Engineer	Inngest	skipped_dup
https://jobs.ashbyhq.com/illumio/3ee989b9-c582-40d4-9a21-d9e33addddb8	2026-05-28	ashby	Escalation Engineer	Illumio	skipped_dup
https://jobs.ashbyhq.com/camunda/8ac3b265-22e9-4a94-882c-7d5dcfe3cf54/application	2026-05-28	ashby	Senior Escalation Support Engineer - Americas	Camunda	skipped_dup
https://jobs.ashbyhq.com/taaraconnect/96c69539-f4e5-4081-95e7-e0d8b430efe5/application	2026-05-28	ashby	Technical Escalations Engineer	Taara	skipped_dup
https://jobs.ashbyhq.com/illumio/98963c82-77d0-4bfb-9e7a-dde50c6080ef	2026-05-28	ashby	Sr. Escalation Engineer	Illumio	skipped_dup
https://jobs.ashbyhq.com/semperis/09e323a0-afc7-48b2-b095-f025032e2d1b	2026-05-28	ashby	Software Engineer, Escalation	Semperis	skipped_dup
https://jobs.ashbyhq.com/confluent/5db67700-4660-4aea-badf-3a25eed020b9/application	2026-05-28	ashby	Escalation Manager	Confluent	skipped_dup
https://jobs.ashbyhq.com/aiwyn/2ec57996-0301-4c43-b872-a8c7d6b16351	2026-05-28	ashby	Senior Technical Support Engineer	Aiwyn	skipped_dup
https://jobs.ashbyhq.com/docker/8e92ede2-2469-42a0-91aa-c791e773d20b	2026-05-28	ashby	Senior Escalation & Incident Manager	Docker	skipped_dup
https://job-boards.greenhouse.io/bpcs/jobs/7838952	2026-05-28	greenhouse_search	Support Engineer - Escalation Management	Blueprint Technologies	skipped_dup
https://boards.greenhouse.io/outsetmedical/jobs/6509862002	2026-05-28	greenhouse_search	Escalation Support Engineer	Outset Medical	skipped_dup
https://job-boards.greenhouse.io/nice/jobs/4712262101	2026-05-28	greenhouse_search	Technical Support Engineer	NICE	skipped_dup
https://job-boards.greenhouse.io/veza/jobs/5434737004	2026-05-28	greenhouse_search	Escalation Engineer	Veza Technologies	skipped_dup
https://job-boards.greenhouse.io/nametag/jobs/4053349009	2026-05-28	greenhouse_search	Technical Customer Engineer	Nametag	skipped_dup
https://boards.greenhouse.io/customerio/jobs/4993465	2026-05-28	greenhouse_search	Technical Support Engineer II	Customer.io	skipped_dup
https://job-boards.greenhouse.io/accela/jobs/7610268	2026-05-28	greenhouse_search	Technical Support Engineer (Frontline)	Accela	skipped_dup
https://job-boards.greenhouse.io/iterable/jobs/7485477	2026-05-28	greenhouse_search	Technical Support Engineer	Iterable	skipped_dup
https://job-boards.greenhouse.io/airship/jobs/4736416101	2026-05-28	greenhouse_search	Lead Technical Support Engineer	Airship	skipped_dup
https://job-boards.greenhouse.io/bpcs/jobs/7767421	2026-05-28	greenhouse_search	Support Engineer 3	Blueprint Technologies	added
https://job-boards.greenhouse.io/harborglobal/jobs/4980637007	2026-05-28	greenhouse_search	Implementation Engineer - Intapp	Harbor	skipped_dup
https://job-boards.greenhouse.io/rapidsos/jobs/5087697007	2026-05-28	greenhouse_search	Senior Implementation Engineer	RapidSOS	skipped_dup
https://job-boards.greenhouse.io/warp/jobs/5832041004	2026-05-28	greenhouse_search	Implementation Engineer	Warp	skipped_dup
https://boards.greenhouse.io/harborglobal/jobs/4587499007	2026-05-28	greenhouse_search	Implementation Engineer - Microsoft ADF	Harbor	skipped_dup
https://job-boards.greenhouse.io/rapidsos/jobs/5087717007	2026-05-28	greenhouse_search	Implementation Engineer	RapidSOS	skipped_dup
https://job-boards.greenhouse.io/cloudflare/jobs/7096016	2026-05-28	greenhouse_search	Implementation Engineer	Cloudflare	skipped_dup
https://job-boards.greenhouse.io/casechek/jobs/4653684006	2026-05-28	greenhouse_search	Technical Integration Engineer	Casechek	skipped_dup
https://job-boards.greenhouse.io/tailscale/jobs/4663656005	2026-05-28	greenhouse_search	Implementation Engineer	Tailscale	skipped_dup
https://job-boards.greenhouse.io/zscaler/jobs/5089117007	2026-05-28	greenhouse_search	Sr. Staff Integration Engineer (Security Platform and Data Pipelines)	Zscaler	added
https://job-boards.greenhouse.io/shiphawk/jobs/7608891	2026-05-28	greenhouse_search	WMS Implementation Engineer	ShipHawk	skipped_dup
https://jobs.lever.co/superannotate/e92dcb71-4f0b-4136-b4c7-b564ac5812b9	2026-05-28	lever	Technical Support Engineer	SuperAnnotate AI	skipped_dup
https://jobs.lever.co/shakudo/7b16951c-69b9-416c-9858-e906b8870470	2026-05-28	lever	Technical Support Specialist	Shakudo	skipped_dup
https://jobs.lever.co/clari/67078198-1d37-45ba-b7aa-52b881226e8b	2026-05-28	lever	Technical Support Engineer	Clari	skipped_dup
https://jobs.lever.co/aircall/bdf86e6b-0be4-4e58-b9ec-5bed1e3158dc	2026-05-28	lever	Technical Support Specialist (API/Webhooks Specialist)	Aircall	skipped_dup
https://jobs.lever.co/contentsquare/1bd1348e-45c5-4bb4-a700-cd84c85f8715	2026-05-28	lever	Technical Support Engineer, Tier 3	Contentsquare	added
https://jobs.lever.co/Sauce/656eaf33-2380-44b1-a2e7-a9e837b88318	2026-05-28	lever	Senior Support Engineer (Escalation Manager)	Sauce	skipped_dup
https://jobs.lever.co/coatesgroup/f67dc1bc-c4d0-405a-a04d-b4f909114603	2026-05-28	lever	Technical Support Engineer (Level 3)	Coates Group	skipped_dup
https://jobs.lever.co/welocalize/5ddbbe6a-307c-4519-8822-533ebbf4d0b0	2026-05-28	lever	Technical Support Specialist	Welo Global	added
https://jobs.lever.co/oomnitza/d3fd1563-35b0-4a6a-ad66-465f91acbd24	2026-05-28	lever	Technical Support Analyst (East Coast Remote)	Oomnitza	added
https://jobs.lever.co/sanas.ai/6db5fdba-f8e1-4afc-a203-cb37fb15fb58	2026-05-28	lever	Technical Support Engineer	Sanas.ai	skipped_dup
https://wellfound.com/jobs/3264511-technical-support-engineer-apac-us-remote	2026-05-28	wellfound	Technical Support Engineer (APAC/US - Remote)	Unknown	skipped_dup
https://wellfound.com/jobs/4013347-technical-support-engineer-l1-frontline-support	2026-05-28	wellfound	Technical Support Engineer (L1 / Frontline Support)	Databento	skipped_dup
https://wellfound.com/jobs/1841356-support-engineer-emea	2026-05-28	wellfound	Support Engineer - EMEA	Tyk	skipped_dup
https://wellfound.com/jobs/3199392-technical-support-engineer	2026-05-28	wellfound	Technical Support Engineer	Pepper	skipped_dup
https://wellfound.com/jobs/3195785-customer-support-engineer-remote	2026-05-28	wellfound	Customer Support Engineer (REMOTE)	Upbound	skipped_dup
https://wellfound.com/jobs/3147367-technical-support-engineer-federal-government-customers	2026-05-28	wellfound	Technical Support Engineer, Federal Government Customers	Moveworks	skipped_dup
https://wellfound.com/jobs/1559538-database-administrator-technical-support-engineer	2026-05-28	wellfound	ClickHouse DBA / Technical Support Engineer	Altinity	skipped_dup
https://apply.workable.com/nogigiddy/j/F4D6386D91/	2026-05-28	workable	Technical Support Specialist (Remote) - Entry Level	NoGigiddy	skipped_dup
https://apply.workable.com/nogigiddy/j/B787380689/	2026-05-28	workable	Remote Technical Support Specialist - Entry Level	NoGigiddy	skipped_dup
https://apply.workable.com/orderdesk/j/683D77D121/	2026-05-28	workable	Technical Support Specialist	Order Desk	skipped_dup
https://apply.workable.com/opus2/j/E559DCEAA8/	2026-05-28	workable	Product Support Specialist	Opus 2	skipped_dup
https://apply.workable.com/signalwire/j/EED2C2B418/	2026-05-28	workable	Technical Support Specialist (Fully Remote)	SignalWire	skipped_dup
https://apply.workable.com/remote-recruitment/j/79CD4D8DE2	2026-05-28	workable	Technical Support Specialist - Wireless ISP	Remote Recruitment	skipped_dup
https://apply.workable.com/jobgether/j/6FA2768D6B	2026-05-28	workable	Technical Customer Support Specialist	Jobgether	skipped_dup
https://apply.workable.com/remote-va/j/A1603F08B9	2026-05-28	workable	VoIP Customer Service & Technical Support Specialist	Remote VA	skipped_dup
https://apply.workable.com/remote-va/j/35FB2F0469	2026-05-28	workable	VoIP Technical Support Specialist	Remote VA	skipped_dup
https://apply.workable.com/hirevue/j/DDF0D6B7A1/	2026-05-28	workable	Technical Support Specialist	HireVue	added
https://job-boards.greenhouse.io/cloudflare/jobs/7397634	2026-05-31	greenhouse	Technical Support Engineer, CDN/Developer Platform	Cloudflare	added
https://job-boards.greenhouse.io/cloudflare/jobs/6956862	2026-05-31	greenhouse	Technical Support Engineer	Cloudflare	added
https://job-boards.greenhouse.io/cloudflare/jobs/7612030	2026-05-31	greenhouse	Technical Support Engineer, Application Performance	Cloudflare	added
https://job-boards.greenhouse.io/cloudflare/jobs/7299746	2026-05-31	greenhouse	Premium Technical Support Engineer	Cloudflare	added
https://job-boards.greenhouse.io/cloudflare/jobs/7612087	2026-05-31	greenhouse	Senior Technical Support Engineer, Application Performance	Cloudflare	added
https://job-boards.greenhouse.io/cloudflare/jobs/7388146	2026-05-31	greenhouse	Premium Technical Support Engineer - Korean Speaking	Cloudflare	added
https://job-boards.greenhouse.io/alphasense/jobs/8472085002	2026-05-31	greenhouse	Staff Cloud Support Engineer	AlphaSense	added
https://job-boards.greenhouse.io/remotewoman/jobs/8467383002	2026-05-31	greenhouse	Cloud Support Engineer	Remote Woman	added
https://job-boards.greenhouse.io/remotewoman/jobs/8520511002	2026-05-31	greenhouse	Cloud Support Engineer	Remote Woman	added
https://job-boards.greenhouse.io/pagerduty/jobs/5235189004	2026-05-31	greenhouse	Help Desk Engineer Level 1	PagerDuty	added
https://job-boards.greenhouse.io/veza/jobs/5704688004	2026-05-31	greenhouse	Sr Technical Support Engineer	Veza Technologies	added
https://job-boards.greenhouse.io/gitlab/jobs/7565553002	2026-05-31	greenhouse	Technical Program Manager, Escalation Specialist	GitLab	added
https://job-boards.greenhouse.io/gitlab/jobs/8231973002	2026-05-31	greenhouse	Associate Support Engineer (AMER - PST/MST)	GitLab	added
https://apply.workable.com/formassembly/j/598EE5ABA7/	2026-05-31	workable	Principal Technical Support Specialist	FormAssembly	added
https://boards.greenhouse.io/samsara/jobs/7834003	2026-05-31	greenhouse	L1 Senior Bilingual Technical Support Specialist	Samsara	added
https://jobs.ashbyhq.com/rula/c7aafe5c-fc02-4b05-a5bd-d79b7681599e	2026-06-04	ashby	IT Support Specialist (Remote)	Rula	skipped_dup
https://jobs.ashbyhq.com/n8n/38d5cc73-7799-47ca-9507-c601476f2c4b	2026-06-04	ashby	Senior Support Engineer | Remote | North America	n8n	skipped_dup
https://jobs.ashbyhq.com/close/70a235e8-230f-492c-bb34-5559fe648298	2026-06-04	ashby	Support Engineer (USA Only - 100% Remote)	Close	skipped_dup
https://jobs.ashbyhq.com/monarchmoney/ca983553-53d6-4b3c-85c8-220048f6763e	2026-06-04	ashby	Technical Support Engineer	Monarch Money	skipped_dup
https://jobs.ashbyhq.com/n8n/d4cd5955-7655-4feb-b6f3-ac4cf0867cd6	2026-06-04	ashby	Support Engineering Team Lead | Remote | US	n8n	added
https://jobs.ashbyhq.com/readme/cb287bbd-ccc4-4719-ac07-e7796ec24312	2026-06-04	ashby	Support Engineer	ReadMe	skipped_dup
https://jobs.ashbyhq.com/Junction/e1fc1b0c-7e17-467c-977b-947c509debb0	2026-06-04	ashby	Technical Support Engineer	Junction	skipped_dup
https://jobs.ashbyhq.com/zapier/83ae6284-4103-42e4-b3e5-500f314ed4cb	2026-06-04	ashby	Technical Support Specialist	Zapier	added
https://jobs.ashbyhq.com/n8n/90a1634b-81a8-4aa6-957d-951c1f142555	2026-06-04	ashby	Support Engineer L1 Support (EST Timezone)	n8n	skipped_dup
https://jobs.ashbyhq.com/Mintlify/a6c882c1-eefd-49db-90ef-baa4edba1c58	2026-06-04	ashby	Support Engineer (Remote)	Mintlify	added
https://jobs.ashbyhq.com/polymarket/d03ffef0-b8c6-4cf5-9e4a-cd73606be805	2026-06-04	ashby	Escalation Engineer, CX	Polymarket	skipped_dup
https://jobs.ashbyhq.com/camunda/8ac3b265-22e9-4a94-882c-7d5dcfe3cf54/application	2026-06-04	ashby	Senior Escalation Support Engineer - Americas	Camunda	skipped_dup
https://jobs.ashbyhq.com/inngest/3b9163fe-e0e4-426b-94e7-0f0d42f634c7	2026-06-04	ashby	Support Escalations Engineer	Inngest	skipped_dup
https://jobs.ashbyhq.com/illumio/3ee989b9-c582-40d4-9a21-d9e33addddb8	2026-06-04	ashby	Escalation Engineer	Illumio	skipped_dup
https://jobs.ashbyhq.com/taaraconnect/96c69539-f4e5-4081-95e7-e0d8b430efe5/application	2026-06-04	ashby	Technical Escalations Engineer	Taara	skipped_dup
https://jobs.ashbyhq.com/illumio/98963c82-77d0-4bfb-9e7a-dde50c6080ef	2026-06-04	ashby	Sr. Escalation Engineer	Illumio	skipped_dup
https://jobs.ashbyhq.com/confluent/5db67700-4660-4aea-badf-3a25eed020b9/application	2026-06-04	ashby	Escalation Manager	Confluent	skipped_dup
https://jobs.ashbyhq.com/docker/8e92ede2-2469-42a0-91aa-c791e773d20b	2026-06-04	ashby	Senior Escalation & Incident Manager	Docker	skipped_dup
https://jobs.ashbyhq.com/Flock%20Safety/b5ad11ec-6732-48dd-bc7c-84b4205c9ccf/application	2026-06-04	ashby	Tier 2 Support Specialist, DFR	Flock Safety	added
https://job-boards.greenhouse.io/bpcs/jobs/7838952	2026-06-04	greenhouse_search	Support Engineer - Escalation Management	Blueprint Technologies	skipped_dup
https://boards.greenhouse.io/outsetmedical/jobs/6509862002	2026-06-04	greenhouse_search	Escalation Support Engineer	Outset Medical	skipped_dup
https://job-boards.greenhouse.io/nice/jobs/4712262101	2026-06-04	greenhouse_search	Technical Support Engineer	NICE	skipped_dup
https://job-boards.greenhouse.io/veza/jobs/5434737004	2026-06-04	greenhouse_search	Escalation Engineer	Veza Technologies	skipped_dup
https://job-boards.greenhouse.io/nametag/jobs/4053349009	2026-06-04	greenhouse_search	Technical Customer Engineer	Nametag	skipped_dup
https://boards.greenhouse.io/samsara/jobs/7834003	2026-06-04	greenhouse_search	L1 Senior Bilingual Technical Support Specialist	Samsara	skipped_dup
https://boards.greenhouse.io/customerio/jobs/4993465	2026-06-04	greenhouse_search	Technical Support Engineer II	Customer.io	skipped_dup
https://job-boards.greenhouse.io/infuse/jobs/4700121005	2026-06-04	greenhouse_search	IT Support Specialist (Contract, Remote)	INFUSE	added
https://job-boards.greenhouse.io/accela/jobs/7610268	2026-06-04	greenhouse_search	Technical Support Engineer (Frontline)	Accela	skipped_dup
https://job-boards.greenhouse.io/tenableinc/jobs/5134237008	2026-06-04	greenhouse_search	Technical Support Engineer - Bilingual English/Spanish	Tenable	skipped_dup
https://job-boards.greenhouse.io/harborglobal/jobs/4980637007	2026-06-04	greenhouse_search	Implementation Engineer - Intapp	Harbor	skipped_dup
https://job-boards.greenhouse.io/rapidsos/jobs/5087697007	2026-06-04	greenhouse_search	Senior Implementation Engineer	RapidSOS	skipped_dup
https://job-boards.greenhouse.io/warp/jobs/5832041004	2026-06-04	greenhouse_search	Implementation Engineer	Warp	skipped_dup
https://boards.greenhouse.io/harborglobal/jobs/4587499007	2026-06-04	greenhouse_search	Implementation Engineer - Microsoft ADF	Harbor	skipped_dup
https://job-boards.greenhouse.io/rapidsos/jobs/5087717007	2026-06-04	greenhouse_search	Implementation Engineer	RapidSOS	skipped_dup
https://job-boards.greenhouse.io/cloudflare/jobs/7096016	2026-06-04	greenhouse_search	Implementation Engineer	Cloudflare	skipped_dup
https://job-boards.greenhouse.io/zscaler/jobs/5089117007	2026-06-04	greenhouse_search	Sr. Staff Integration Engineer (Security Platform and Data Pipelines)	Zscaler	skipped_dup
https://job-boards.greenhouse.io/casechek/jobs/4653684006	2026-06-04	greenhouse_search	Technical Integration Engineer	Casechek	skipped_dup
https://job-boards.greenhouse.io/cleo/jobs/4670669005	2026-06-04	greenhouse_search	Senior Implementation Engineer I	Cleo	added
https://job-boards.greenhouse.io/brightfield/jobs/8429624002	2026-06-04	greenhouse_search	Senior Data Integration Engineer	Brightfield	skipped_dup
https://jobs.lever.co/extremenetworks/48af4a14-99a8-4ee2-9362-4d23d05e6f01	2026-06-04	lever	Technical Support Engineer - Remote USA	Extreme Networks	skipped_dup
https://jobs.lever.co/shakudo/7b16951c-69b9-416c-9858-e906b8870470	2026-06-04	lever	Technical Support Specialist	Shakudo	skipped_dup
https://jobs.lever.co/superannotate/e92dcb71-4f0b-4136-b4c7-b564ac5812b9	2026-06-04	lever	Technical Support Engineer	SuperAnnotate AI	skipped_dup
https://jobs.lever.co/clari/67078198-1d37-45ba-b7aa-52b881226e8b	2026-06-04	lever	Technical Support Engineer	Clari	skipped_dup
https://jobs.lever.co/sanas.ai/6db5fdba-f8e1-4afc-a203-cb37fb15fb58	2026-06-04	lever	Technical Support Engineer	Sanas.ai	skipped_dup
https://jobs.lever.co/coatesgroup/f67dc1bc-c4d0-405a-a04d-b4f909114603	2026-06-04	lever	Technical Support Engineer (Level 3)	Coates Group	skipped_dup
https://jobs.lever.co/welocalize/5ddbbe6a-307c-4519-8822-533ebbf4d0b0	2026-06-04	lever	Technical Support Specialist	Welo Global	skipped_dup
https://jobs.lever.co/pingcap/a54441f6-895a-48a4-a0b9-03ba02d00c58	2026-06-04	lever	Support Escalation Engineer	PingCAP	skipped_dup
https://jobs.lever.co/Sauce/656eaf33-2380-44b1-a2e7-a9e837b88318	2026-06-04	lever	Senior Support Engineer (Escalation Manager)	Sauce	skipped_dup
https://jobs.lever.co/deputy/aa07c2b5-5a76-40ed-8038-36371aa10fc8	2026-06-04	lever	Technical Support Engineer III	Deputy	added
https://wellfound.com/jobs/3264511-technical-support-engineer-apac-us-remote	2026-06-04	wellfound	Technical Support Engineer (APAC/US - Remote)	Unknown	skipped_dup
https://wellfound.com/jobs/4013347-technical-support-engineer-l1-frontline-support	2026-06-04	wellfound	Technical Support Engineer (L1 / Frontline Support)	Databento	skipped_dup
https://wellfound.com/jobs/1841356-support-engineer-emea	2026-06-04	wellfound	Support Engineer - EMEA	Tyk	skipped_dup
https://wellfound.com/jobs/3199392-technical-support-engineer	2026-06-04	wellfound	Technical Support Engineer	Pepper	skipped_dup
https://wellfound.com/jobs/3195785-customer-support-engineer-remote	2026-06-04	wellfound	Customer Support Engineer (REMOTE)	Upbound	skipped_dup
https://apply.workable.com/nogigiddy/j/F4D6386D91/	2026-06-04	workable	Technical Support Specialist (Remote) - Entry Level	NoGigiddy	skipped_title
https://apply.workable.com/mediaradar/j/11286E72C5	2026-06-04	workable	Client Support Specialist	MediaRadar	added
https://apply.workable.com/orderdesk/j/683D77D121/	2026-06-04	workable	Technical Support Specialist - Order Desk	Order Desk	skipped_dup
https://apply.workable.com/nogigiddy/j/B787380689/	2026-06-04	workable	Remote Technical Support Specialist - Entry Level	NoGigiddy	skipped_title
https://apply.workable.com/opus2/j/E559DCEAA8/	2026-06-04	workable	Product Support Specialist	Opus 2	skipped_dup
https://apply.workable.com/signalwire/j/EED2C2B418/	2026-06-04	workable	Technical Support Specialist (Fully Remote)	SignalWire	skipped_dup
https://apply.workable.com/remote-recruitment/j/79CD4D8DE2	2026-06-04	workable	Technical Support Specialist - Wireless ISP	Remote Recruitment	skipped_dup
https://apply.workable.com/formassembly/j/598EE5ABA7/	2026-06-04	workable	Principal Technical Support Specialist	FormAssembly	skipped_dup
https://apply.workable.com/hirevue/j/DDF0D6B7A1/	2026-06-04	workable	Technical Support Specialist	HireVue	skipped_dup
https://apply.workable.com/pavago/j/455CCAF59E/	2026-06-04	workable	Technical Support Specialist (IT Support Specialist)	Pavago	added
https://jobs.ashbyhq.com/polymarket/d03ffef0-b8c6-4cf5-9e4a-cd73606be805	2026-06-13	ashby	Escalation Engineer, CX	Polymarket	skipped_dup
https://jobs.ashbyhq.com/inngest/3b9163fe-e0e4-426b-94e7-0f0d42f634c7	2026-06-13	ashby	Support Escalations Engineer	Inngest	skipped_dup
https://jobs.ashbyhq.com/illumio/3ee989b9-c582-40d4-9a21-d9e33addddb8	2026-06-13	ashby	Escalation Engineer	Illumio	skipped_dup
https://jobs.ashbyhq.com/illumio/98963c82-77d0-4bfb-9e7a-dde50c6080ef	2026-06-13	ashby	Sr. Escalation Engineer	Illumio	skipped_dup
https://jobs.ashbyhq.com/camunda/8ac3b265-22e9-4a94-882c-7d5dcfe3cf54/application	2026-06-13	ashby	Senior Escalation Support Engineer - Americas	Camunda	skipped_dup
https://jobs.ashbyhq.com/taaraconnect/96c69539-f4e5-4081-95e7-e0d8b430efe5/application	2026-06-13	ashby	Technical Escalations Engineer	Taara	skipped_dup
https://jobs.ashbyhq.com/everis/b283a107-be18-4219-a0b9-cf93933be92f	2026-06-13	ashby	QA Engineer, Product & Technical Support Specialist	Everis	added
https://jobs.ashbyhq.com/semperis/87baa3c8-8bfc-49b8-a3e0-c4566279a022	2026-06-13	ashby	Product Support Engineer	Semperis	added
https://jobs.ashbyhq.com/phil/b74b9393-b51e-4813-b48a-13c012ad47c0	2026-06-13	ashby	Client Escalations Specialist	PHIL	added
https://boards.greenhouse.io/customerio/jobs/4993465	2026-06-13	greenhouse_search	Technical Support Engineer II	Customer.io	skipped_dup
https://boards.greenhouse.io/outsetmedical/jobs/6509862002	2026-06-13	greenhouse_search	Escalation Support Engineer	Outset Medical	skipped_dup
https://job-boards.greenhouse.io/bpcs/jobs/7838952	2026-06-13	greenhouse_search	Support Engineer - Escalation Management	Blueprint Technologies	skipped_dup
https://job-boards.greenhouse.io/accela/jobs/7610268	2026-06-13	greenhouse_search	Technical Support Engineer (Frontline)	Accela	skipped_dup
https://job-boards.greenhouse.io/nice/jobs/4712262101	2026-06-13	greenhouse_search	Technical Support Engineer	NICE	skipped_dup
https://job-boards.greenhouse.io/tenableinc/jobs/5134237008	2026-06-13	greenhouse_search	Technical Support Engineer - Bilingual English/Spanish	Tenable	skipped_dup
https://job-boards.greenhouse.io/nametag/jobs/4053349009	2026-06-13	greenhouse_search	Technical Customer Engineer	Nametag	skipped_dup
https://job-boards.greenhouse.io/rapidsos/jobs/5087717007	2026-06-13	greenhouse_search	Implementation Engineer	RapidSOS	skipped_dup
https://job-boards.greenhouse.io/rapidsos/jobs/5087697007	2026-06-13	greenhouse_search	Senior Implementation Engineer	RapidSOS	skipped_dup
https://job-boards.greenhouse.io/cloudflare/jobs/7096016	2026-06-13	greenhouse_search	Implementation Engineer	Cloudflare	skipped_dup
https://boards.greenhouse.io/harborglobal/jobs/4587499007	2026-06-13	greenhouse_search	Implementation Engineer - Microsoft ADF	Harbor	skipped_dup
https://job-boards.greenhouse.io/warp/jobs/5832041004	2026-06-13	greenhouse_search	Implementation Engineer	Warp	skipped_dup
https://job-boards.greenhouse.io/cleo/jobs/4670669005	2026-06-13	greenhouse_search	Senior Implementation Engineer I	Cleo	skipped_dup
https://job-boards.greenhouse.io/paperlessparts/jobs/4527251005	2026-06-13	greenhouse_search	(unknown title)	Paperless Parts	skipped_title
https://jobs.lever.co/jobgether/2d94b364-6849-4ad6-a0db-6108731581e5	2026-06-13	lever	Technical Support Engineer L1/L2 - REMOTE	Jobgether	added
https://jobs.lever.co/deputy/aa07c2b5-5a76-40ed-8038-36371aa10fc8	2026-06-13	lever	Technical Support Engineer III	Deputy	skipped_dup
https://jobs.lever.co/sanas.ai/6db5fdba-f8e1-4afc-a203-cb37fb15fb58	2026-06-13	lever	Technical Support Engineer	Sanas.ai	skipped_dup
https://jobs.lever.co/superannotate/e92dcb71-4f0b-4136-b4c7-b564ac5812b9	2026-06-13	lever	Technical Support Engineer	SuperAnnotate AI	skipped_dup
https://jobs.lever.co/oomnitza/d3fd1563-35b0-4a6a-ad66-465f91acbd24	2026-06-13	lever	Technical Support Analyst (East Coast Remote)	Oomnitza	skipped_dup
https://jobs.lever.co/coatesgroup/f67dc1bc-c4d0-405a-a04d-b4f909114603	2026-06-13	lever	Technical Support Engineer (Level 3)	Coates Group	skipped_dup
https://jobs.lever.co/clari/67078198-1d37-45ba-b7aa-52b881226e8b	2026-06-13	lever	Technical Support Engineer	Clari	skipped_dup
https://jobs.lever.co/Sauce/656eaf33-2380-44b1-a2e7-a9e837b88318	2026-06-13	lever	Senior Support Engineer (Escalation Manager)	Sauce	skipped_dup
https://jobs.lever.co/pingcap/a54441f6-895a-48a4-a0b9-03ba02d00c58	2026-06-13	lever	Support Escalation Engineer	PingCAP	skipped_dup
https://jobs.lever.co/shakudo/7b16951c-69b9-416c-9858-e906b8870470	2026-06-13	lever	Technical Support Specialist	Shakudo	skipped_dup
https://wellfound.com/jobs/3991955-technical-support-engineer	2026-06-13	wellfound	Technical Support Engineer	Dataiku	added
https://wellfound.com/jobs/4013347-technical-support-engineer-l1-frontline-support	2026-06-13	wellfound	Technical Support Engineer (L1 / Frontline Support)	Databento	skipped_dup
https://wellfound.com/jobs/3199392-technical-support-engineer	2026-06-13	wellfound	Technical Support Engineer	Pepper	skipped_dup
https://wellfound.com/jobs/3147367-technical-support-engineer-federal-government-customers	2026-06-13	wellfound	Technical Support Engineer, Federal Government Customers	Moveworks	skipped_dup
https://wellfound.com/jobs/1841356-support-engineer-emea	2026-06-13	wellfound	Support Engineer - EMEA	Tyk	skipped_dup
https://wellfound.com/jobs/3264511-technical-support-engineer-apac-us-remote	2026-06-13	wellfound	Technical Support Engineer (APAC/US - Remote)	Unknown	skipped_dup
https://wellfound.com/jobs/1559538-database-administrator-technical-support-engineer	2026-06-13	wellfound	ClickHouse DBA / Technical Support Engineer	Altinity	skipped_dup
https://apply.workable.com/opus2/j/E559DCEAA8/	2026-06-13	workable	Product Support Specialist	Opus 2	skipped_dup
https://apply.workable.com/hirevue/j/DDF0D6B7A1/	2026-06-13	workable	Technical Support Specialist	HireVue	skipped_dup
https://apply.workable.com/pavago/j/455CCAF59E/	2026-06-13	workable	Technical Support Specialist (IT Support Specialist)	Pavago	skipped_dup
https://apply.workable.com/nogigiddy/j/F4D6386D91/	2026-06-13	workable	Technical Support Specialist (Remote) - Entry Level	NoGigiddy	skipped_title
https://apply.workable.com/signalwire/j/EED2C2B418/	2026-06-13	workable	Technical Support Specialist (Fully Remote)	SignalWire	skipped_dup
https://apply.workable.com/remote-recruitment/j/79CD4D8DE2	2026-06-13	workable	Technical Support Specialist - Wireless ISP	Remote Recruitment	skipped_dup
https://apply.workable.com/nogigiddy/j/B787380689/	2026-06-13	workable	Remote Technical Support Specialist - Entry Level	NoGigiddy	skipped_title
https://apply.workable.com/orderdesk/j/683D77D121/	2026-06-13	workable	Technical Support Specialist - Order Desk	Order Desk	skipped_dup
https://apply.workable.com/earthcam/j/C24F6F12F4	2026-06-13	workable	Technical Support Specialist Tier 2	EarthCam	added
https://apply.workable.com/360dialog-gmbh/j/318DB12A28	2026-06-13	workable	Technical Support Specialist - Brazil	360dialog GmbH	added
https://remotive.com/remote/jobs/customer-service/technical-support-engineer-3899361	2026-06-13	remotive	Technical Support Engineer	Team8	added
https://jobs.ashbyhq.com/factory/a70c27d6-74a1-4856-8f57-3b9dae625789	2026-06-19	ashby	Technical Support Engineer - Remote APAC	Factory	added
https://jobs.ashbyhq.com/kota/fc71c85e-4292-4ab1-be2f-2d0ac046568f	2026-06-19	ashby	Technical Support Engineer	Kota	added
https://jobs.ashbyhq.com/nestmed/1a3eee98-4ec3-47b1-8ee6-8123e831ed99	2026-06-19	ashby	Technical Customer Support Specialist	Nestmed	added
https://jobs.ashbyhq.com/Voxel/5add9292-1fb1-42ec-b327-5373f63a26ea	2026-06-19	ashby	Tier 3 Support Engineer	Voxel	added
https://jobs.ashbyhq.com/instructure/dab599a1-97b4-45a8-83c9-33998925b373	2026-06-19	ashby	Part time - L1 Support Engineer - Spanish Backup	Instructure	added
https://jobs.ashbyhq.com/angi/3f852343-00d6-46cf-9029-63e62cd54fa7	2026-06-19	ashby	IT Support Technician II	Angi	added
https://jobs.ashbyhq.com/Todyl/1826821e-c08b-48c3-aa57-00b463c455a1	2026-06-19	ashby	Tier II – Technical Support & Network Engineer (EMEA)	Todyl	added
https://job-boards.greenhouse.io/coretelligent/jobs/5257272008	2026-06-19	greenhouse_search	Remote Support Engineer II	Coretelligent	added
https://job-boards.greenhouse.io/legion/jobs/7772246003	2026-06-19	greenhouse_search	Technical Support Engineer	Legion	added
https://job-boards.greenhouse.io/computergeneratedsolutions/jobs/5267354008	2026-06-19	greenhouse_search	Server Support Engineer - REMOTE	CGS	added
https://wellfound.com/jobs/2908481-support-engineer	2026-06-19	wellfound	Support Engineer	PostHog	added
https://apply.workable.com/extremereach/j/E9331A9D25/	2026-06-19	workable	Senior Technical Support Specialist	XR Extreme Reach	added
https://job-boards.greenhouse.io/airtable/jobs/8487502002	2026-06-19	greenhouse_search	Senior Solutions Architect	Airtable	added
https://job-boards.greenhouse.io/oktajp/jobs/6746047	2026-06-19	greenhouse_search	Developer Support Engineer	Okta JP	added
https://jobs.lever.co/jumpcloud/586204da-957d-469f-a2ee-832906ad017f	2026-06-19	lever	Tier 1 Customer Support Engineer, Mac & Linux - India	JumpCloud	skipped_title
https://boards.greenhouse.io/pagerduty/jobs/4538739004	2026-06-19	greenhouse_search	Helpdesk Engineer II (Atlanta Only)	PagerDuty	skipped_title
https://apply.workable.com/bit-by-bit-inc/j/56C0611AD8/	2026-06-19	workable	Senior Windows Systems Engineer	Bit by Bit Inc	skipped_title
https://job-boards.greenhouse.io/figma/jobs/5220003004	2026-06-19	greenhouse_search	Data Engineer	Figma	skipped_title
https://job-boards.greenhouse.io/airtable/jobs/8447535002	2026-06-19	greenhouse_search	Senior Analyst, People Technology	Airtable	skipped_title
https://job-boards.greenhouse.io/airtable/jobs/8397137002	2026-06-19	greenhouse_search	Software Engineer, Product Frontend	Airtable	skipped_title
https://job-boards.greenhouse.io/airtable/jobs/8397618002	2026-06-19	greenhouse_search	Software Engineer, Product Backend	Airtable	skipped_title
https://job-boards.greenhouse.io/airtable/jobs/8409168002	2026-06-19	greenhouse_search	AI Agent Architect, Customer Experience	Airtable	skipped_title
https://jobs.ashbyhq.com/close/70a235e8-230f-492c-bb34-5559fe648298	2026-06-19	ashby	Support Engineer (USA Only - 100% Remote)	Close	skipped_dup
https://jobs.ashbyhq.com/everis/b283a107-be18-4219-a0b9-cf93933be92f	2026-06-19	ashby	QA Engineer, Product & Technical Support Specialist	Everis	skipped_dup
https://jobs.ashbyhq.com/rula/c7aafe5c-fc02-4b05-a5bd-d79b7681599e	2026-06-19	ashby	IT Support Specialist (Remote)	Rula	skipped_dup
https://jobs.ashbyhq.com/n8n/38d5cc73-7799-47ca-9507-c601476f2c4b	2026-06-19	ashby	Senior Support Engineer | Remote | North America	n8n	skipped_dup
https://jobs.ashbyhq.com/monarchmoney/ca983553-53d6-4b3c-85c8-220048f6763e	2026-06-19	ashby	Technical Support Engineer	Monarch Money	skipped_dup
https://jobs.ashbyhq.com/polymarket/d03ffef0-b8c6-4cf5-9e4a-cd73606be805	2026-06-19	ashby	Escalation Engineer, CX	Polymarket	skipped_dup
https://jobs.ashbyhq.com/inngest/3b9163fe-e0e4-426b-94e7-0f0d42f634c7	2026-06-19	ashby	Support Escalations Engineer	Inngest	skipped_dup
https://jobs.ashbyhq.com/illumio/3ee989b9-c582-40d4-9a21-d9e33addddb8	2026-06-19	ashby	Escalation Engineer	Illumio	skipped_dup
https://jobs.ashbyhq.com/illumio/98963c82-77d0-4bfb-9e7a-dde50c6080ef	2026-06-19	ashby	Sr. Escalation Engineer	Illumio	skipped_dup
https://jobs.ashbyhq.com/camunda/8ac3b265-22e9-4a94-882c-7d5dcfe3cf54/application	2026-06-19	ashby	Senior Escalation Support Engineer - Americas	Camunda	skipped_dup
https://job-boards.greenhouse.io/bpcs/jobs/7838952	2026-06-19	greenhouse_search	Support Engineer - Escalation Management	Blueprint Technologies	skipped_dup
https://boards.greenhouse.io/outsetmedical/jobs/6509862002	2026-06-19	greenhouse_search	Escalation Support Engineer	Outset Medical	skipped_dup
https://job-boards.greenhouse.io/nice/jobs/4712262101	2026-06-19	greenhouse_search	Technical Support Engineer	NICE	skipped_dup
https://job-boards.greenhouse.io/nametag/jobs/4053349009	2026-06-19	greenhouse_search	Technical Customer Engineer	Nametag	skipped_dup
https://job-boards.greenhouse.io/rapidsos/jobs/5087717007	2026-06-19	greenhouse_search	Implementation Engineer	RapidSOS	skipped_dup
https://job-boards.greenhouse.io/rapidsos/jobs/5087697007	2026-06-19	greenhouse_search	Senior Implementation Engineer	RapidSOS	skipped_dup
https://boards.greenhouse.io/harborglobal/jobs/4587499007	2026-06-19	greenhouse_search	Implementation Engineer - Microsoft ADF	Harbor	skipped_dup
https://job-boards.greenhouse.io/cloudflare/jobs/7096016	2026-06-19	greenhouse_search	Implementation Engineer	Cloudflare	skipped_dup
https://boards.greenhouse.io/sourcegraph91/jobs/4918580004	2026-06-19	greenhouse_search	Senior Implementation Engineer - East	Sourcegraph	skipped_dup
https://job-boards.greenhouse.io/warp/jobs/5832041004	2026-06-19	greenhouse_search	Implementation Engineer	Warp	skipped_dup
https://job-boards.greenhouse.io/pagerduty/jobs/5235189004	2026-06-19	greenhouse_search	Help Desk Engineer Level 1	PagerDuty	skipped_dup
https://boards.greenhouse.io/airtable/jobs/7287308002	2026-06-19	greenhouse_search	Solutions Engineer (Chicago, IL)	Airtable	skipped_dup
https://jobs.lever.co/jobgether/2d94b364-6849-4ad6-a0db-6108731581e5	2026-06-19	lever	Technical Support Engineer L1/L2 - REMOTE	Jobgether	skipped_dup
https://jobs.lever.co/sanas.ai/6db5fdba-f8e1-4afc-a203-cb37fb15fb58	2026-06-19	lever	Technical Support Engineer	Sanas.ai	skipped_dup
https://jobs.lever.co/superannotate/e92dcb71-4f0b-4136-b4c7-b564ac5812b9	2026-06-19	lever	Technical Support Engineer	SuperAnnotate AI	skipped_dup
https://jobs.lever.co/coatesgroup/f67dc1bc-c4d0-405a-a04d-b4f909114603	2026-06-19	lever	Technical Support Engineer (Level 3)	Coates Group	skipped_dup
https://jobs.lever.co/Sauce/656eaf33-2380-44b1-a2e7-a9e837b88318	2026-06-19	lever	Senior Support Engineer (Escalation Manager)	Sauce	skipped_dup
https://jobs.lever.co/pingcap/a54441f6-895a-48a4-a0b9-03ba02d00c58	2026-06-19	lever	Support Escalation Engineer	PingCAP	skipped_dup
https://jobs.lever.co/shakudo/7b16951c-69b9-416c-9858-e906b8870470	2026-06-19	lever	Technical Support Specialist	Shakudo	skipped_dup
https://jobs.lever.co/welocalize/5ddbbe6a-307c-4519-8822-533ebbf4d0b0	2026-06-19	lever	Technical Support Specialist	Welo Global	skipped_dup
https://wellfound.com/jobs/3195785-customer-support-engineer-remote	2026-06-19	wellfound	Customer Support Engineer (REMOTE)	Upbound	skipped_dup
https://wellfound.com/jobs/1841356-support-engineer-emea	2026-06-19	wellfound	Support Engineer - EMEA	Tyk	skipped_dup
https://wellfound.com/jobs/3264511-technical-support-engineer-apac-us-remote	2026-06-19	wellfound	Technical Support Engineer (APAC/US - Remote)	Unknown	skipped_dup
https://apply.workable.com/hirevue/j/DDF0D6B7A1/	2026-06-19	workable	Technical Support Specialist	HireVue	skipped_dup
https://apply.workable.com/earthcam/j/C24F6F12F4	2026-06-19	workable	Technical Support Specialist Tier 2	EarthCam	skipped_dup
https://apply.workable.com/nogigiddy/j/F4D6386D91/	2026-06-19	workable	Technical Support Specialist (Remote) - Entry Level	NoGigiddy	skipped_dup
https://apply.workable.com/signalwire/j/EED2C2B418/	2026-06-19	workable	Technical Support Specialist (Fully Remote)	SignalWire	skipped_dup
https://apply.workable.com/remote-recruitment/j/79CD4D8DE2	2026-06-19	workable	Technical Support Specialist - Wireless ISP	Remote Recruitment	skipped_dup
https://apply.workable.com/nogigiddy/j/B787380689/	2026-06-19	workable	Remote Technical Support Specialist - Entry Level	NoGigiddy	skipped_dup
https://apply.workable.com/orderdesk/j/683D77D121/	2026-06-19	workable	Technical Support Specialist - Order Desk	Order Desk	skipped_dup
https://jobs.ashbyhq.com/rula/c7aafe5c-fc02-4b05-a5bd-d79b7681599e	2026-06-28	ashby	IT Support Specialist (Remote)	Rula	skipped_dup
https://jobs.ashbyhq.com/everis/b283a107-be18-4219-a0b9-cf93933be92f	2026-06-28	ashby	QA Engineer, Product & Technical Support Specialist	Everis	skipped_dup
https://jobs.ashbyhq.com/monarchmoney/ca983553-53d6-4b3c-85c8-220048f6763e	2026-06-28	ashby	Technical Support Engineer	Monarch Money	skipped_dup
https://jobs.ashbyhq.com/close/70a235e8-230f-492c-bb34-5559fe648298	2026-06-28	ashby	Support Engineer (USA Only - 100% Remote)	Close	skipped_dup
https://jobs.ashbyhq.com/factory/a70c27d6-74a1-4856-8f57-3b9dae625789	2026-06-28	ashby	Technical Support Engineer - Remote APAC	Factory	skipped_dup
https://jobs.ashbyhq.com/nestmed/1a3eee98-4ec3-47b1-8ee6-8123e831ed99	2026-06-28	ashby	Technical Customer Support Specialist	Nestmed	skipped_dup
https://jobs.ashbyhq.com/vultr/3a01ed6f-b8a3-4897-b8dd-ccd332ebd71f	2026-06-28	ashby	Technical Support Engineer	Vultr	added
https://jobs.ashbyhq.com/n8n/90a1634b-81a8-4aa6-957d-951c1f142555	2026-06-28	ashby	Support Engineer L1 Support (EST Timezone)	n8n	skipped_dup
https://jobs.ashbyhq.com/kota/fc71c85e-4292-4ab1-be2f-2d0ac046568f	2026-06-28	ashby	Technical Support Engineer	Kota	skipped_dup
https://jobs.ashbyhq.com/taaraconnect/96c69539-f4e5-4081-95e7-e0d8b430efe5/application	2026-06-28	ashby	Technical Escalations Engineer	Taara	skipped_dup
https://jobs.ashbyhq.com/Voxel/5add9292-1fb1-42ec-b327-5373f63a26ea	2026-06-28	ashby	Tier 3 Support Engineer	Voxel	skipped_dup
https://jobs.ashbyhq.com/polymarket/d03ffef0-b8c6-4cf5-9e4a-cd73606be805	2026-06-28	ashby	Escalation Engineer, CX	Polymarket	skipped_dup
https://jobs.ashbyhq.com/camunda/8ac3b265-22e9-4a94-882c-7d5dcfe3cf54/application	2026-06-28	ashby	Senior Escalation Support Engineer - Americas	Camunda	skipped_dup
https://jobs.ashbyhq.com/angi/3f852343-00d6-46cf-9029-63e62cd54fa7	2026-06-28	ashby	IT Support Technician II	Angi	skipped_dup
https://jobs.ashbyhq.com/inngest/3b9163fe-e0e4-426b-94e7-0f0d42f634c7	2026-06-28	ashby	Support Escalations Engineer	Inngest	skipped_dup
https://jobs.ashbyhq.com/illumio/3ee989b9-c582-40d4-9a21-d9e33addddb8	2026-06-28	ashby	Escalation Engineer	Illumio	skipped_dup
https://jobs.ashbyhq.com/instructure/dab599a1-97b4-45a8-83c9-33998925b373	2026-06-28	ashby	Part time - L1 Support Engineer - Spanish Backup	Instructure	skipped_dup
https://jobs.ashbyhq.com/illumio/98963c82-77d0-4bfb-9e7a-dde50c6080ef	2026-06-28	ashby	Sr. Escalation Engineer	Illumio	skipped_dup
https://job-boards.greenhouse.io/bpcs/jobs/7838952	2026-06-28	greenhouse_search	Support Engineer - Escalation Management	Blueprint Technologies	skipped_dup
https://boards.greenhouse.io/outsetmedical/jobs/6509862002	2026-06-28	greenhouse_search	Escalation Support Engineer	Outset Medical	skipped_dup
https://job-boards.greenhouse.io/coretelligent/jobs/5257272008	2026-06-28	greenhouse_search	Remote Support Engineer II	Coretelligent	skipped_dup
https://job-boards.greenhouse.io/nice/jobs/4712262101	2026-06-28	greenhouse_search	Technical Support Engineer	NICE	skipped_dup
https://job-boards.greenhouse.io/computergeneratedsolutions/jobs/5267354008	2026-06-28	greenhouse_search	Server Support Engineer - REMOTE	CGS	skipped_dup
https://job-boards.greenhouse.io/nametag/jobs/4053349009	2026-06-28	greenhouse_search	Technical Customer Engineer	Nametag	skipped_dup
https://boards.greenhouse.io/samsara/jobs/7834003	2026-06-28	greenhouse_search	L1 Senior Bilingual Technical Support Specialist	Samsara	skipped_dup
https://job-boards.greenhouse.io/legion/jobs/7772246003	2026-06-28	greenhouse_search	Technical Support Engineer	Legion	skipped_dup
https://job-boards.greenhouse.io/infuse/jobs/4700121005	2026-06-28	greenhouse_search	IT Support Specialist (Contract, Remote)	INFUSE	skipped_dup
https://job-boards.greenhouse.io/samsara/jobs/7961278	2026-06-28	greenhouse_search	Solutions Integration Engineer II	Samsara	added
https://job-boards.greenhouse.io/recidiviz/jobs/4677327006	2026-06-28	greenhouse_search	Implementation Engineer	Recidiviz	added
https://job-boards.greenhouse.io/warp/jobs/5832041004	2026-06-28	greenhouse_search	Implementation Engineer	Warp	skipped_dup
https://job-boards.greenhouse.io/rapidsos/jobs/5087697007	2026-06-28	greenhouse_search	Senior Implementation Engineer	RapidSOS	skipped_dup
https://job-boards.greenhouse.io/harborglobal/jobs/4980637007	2026-06-28	greenhouse_search	Implementation Engineer - Intapp	Harbor	skipped_dup
https://boards.greenhouse.io/harborglobal/jobs/4587499007	2026-06-28	greenhouse_search	Implementation Engineer - Microsoft ADF	Harbor	skipped_dup
https://job-boards.greenhouse.io/rapidsos/jobs/5087717007	2026-06-28	greenhouse_search	Implementation Engineer	RapidSOS	skipped_dup
https://job-boards.greenhouse.io/cloudflare/jobs/7096016	2026-06-28	greenhouse_search	Implementation Engineer	Cloudflare	skipped_dup
https://job-boards.greenhouse.io/zscaler/jobs/5089117007	2026-06-28	greenhouse_search	Sr. Staff Integration Engineer	Zscaler	skipped_dup
https://job-boards.greenhouse.io/cleo/jobs/4670669005	2026-06-28	greenhouse_search	Senior Implementation Engineer I	Cleo	skipped_dup
https://jobs.lever.co/superannotate/e92dcb71-4f0b-4136-b4c7-b564ac5812b9	2026-06-28	lever	Technical Support Engineer	SuperAnnotate AI	skipped_dup
https://jobs.lever.co/shakudo/7b16951c-69b9-416c-9858-e906b8870470	2026-06-28	lever	Technical Support Specialist	Shakudo	skipped_dup
https://jobs.lever.co/sanas.ai/6db5fdba-f8e1-4afc-a203-cb37fb15fb58	2026-06-28	lever	Technical Support Engineer	Sanas.ai	skipped_dup
https://jobs.lever.co/mistral/c0c530e5-7224-4ff7-a105-2c932af73bb3	2026-06-28	lever	Technical Support Engineer, Enterprise	Mistral AI	added
https://jobs.lever.co/welocalize/5ddbbe6a-307c-4519-8822-533ebbf4d0b0	2026-06-28	lever	Technical Support Specialist	Welo Global	skipped_dup
https://jobs.lever.co/coatesgroup/f67dc1bc-c4d0-405a-a04d-b4f909114603	2026-06-28	lever	Technical Support Engineer (Level 3)	Coates Group	skipped_dup
https://jobs.lever.co/pingcap/a54441f6-895a-48a4-a0b9-03ba02d00c58	2026-06-28	lever	Support Escalation Engineer	PingCAP	skipped_dup
https://jobs.lever.co/jobgether/2d94b364-6849-4ad6-a0db-6108731581e5	2026-06-28	lever	Technical Support Engineer L1/L2 - REMOTE	Jobgether	skipped_dup
https://jobs.lever.co/Sauce/656eaf33-2380-44b1-a2e7-a9e837b88318	2026-06-28	lever	Senior Support Engineer (Escalation Manager)	Sauce	skipped_dup
https://jobs.lever.co/Instrumentl/b4d2a259-c8eb-4a1d-b474-828abf203666	2026-06-28	lever	Customer Support & Operations Team Lead	Instrumentl	added
https://wellfound.com/jobs/3264511-technical-support-engineer-apac-us-remote	2026-06-28	wellfound	Technical Support Engineer (APAC/US - Remote)	Unknown	skipped_dup
https://wellfound.com/jobs/1841356-support-engineer-emea	2026-06-28	wellfound	Support Engineer - EMEA	Tyk	skipped_dup
https://wellfound.com/jobs/3195785-customer-support-engineer-remote	2026-06-28	wellfound	Customer Support Engineer (REMOTE)	Upbound	skipped_dup
https://wellfound.com/company/swym/jobs/439105-technical-support-engineer-saas	2026-06-28	wellfound	Technical Support Engineer (SaaS)	Swym	added
https://wellfound.com/jobs/2908481-support-engineer	2026-06-28	wellfound	Support Engineer	PostHog	skipped_dup
https://apply.workable.com/supportyourapp/j/1AAAD4D02B	2026-06-28	workable	Technical SaaS Support Specialist (Global, remote)	SupportYourApp	added
https://apply.workable.com/nogigiddy/j/F4D6386D91/	2026-06-28	workable	Technical Support Specialist (Remote) - Entry Level	NoGigiddy	skipped_title
https://apply.workable.com/nogigiddy/j/B787380689/	2026-06-28	workable	Remote Technical Support Specialist - Entry Level	NoGigiddy	skipped_title
https://apply.workable.com/earthcam/j/C24F6F12F4	2026-06-28	workable	Technical Support Specialist Tier 2	EarthCam	skipped_dup
https://apply.workable.com/orderdesk/j/683D77D121/	2026-06-28	workable	Technical Support Specialist - Order Desk	Order Desk	skipped_dup
https://apply.workable.com/extremereach/j/E9331A9D25/	2026-06-28	workable	Senior Technical Support Specialist	XR Extreme Reach	skipped_dup
https://apply.workable.com/signalwire/j/EED2C2B418/	2026-06-28	workable	Technical Support Specialist (Fully Remote)	SignalWire	skipped_dup
https://apply.workable.com/remote-recruitment/j/79CD4D8DE2	2026-06-28	workable	Technical Support Specialist - Wireless ISP	Remote Recruitment	skipped_dup
https://himalayas.app/companies/neat-no/jobs/technical-support-escalation-engineer-west-coast-remote-us	2026-06-28	himalayas	Technical Support Escalation Engineer	Neat	added
